{"cameraMode":{"drawMode":0,"name":"Shaded","section":"Shading Mode"},"sceneLighting":false,"audioPlay":false,"sceneViewState":{"m_AlwaysRefresh":true,"showFog":true,"showSkybox":false,"showFlares":true,"showImageEffects":true,"showParticleSystems":true,"showVisualEffectGraphs":true,"m_FxEnabled":true},"in2DMode":false,"pivot":{"x":0.13438141345977784,"y":0.4393397569656372,"z":0.06640946865081787},"rotation":{"x":-0.212283656001091,"y":-0.14393042027950288,"z":0.03162826970219612,"w":-0.9660330414772034},"size":2.6410253047943117,"orthographic":false}